age,education,workclass,occupation,marital-status,gender,native-country,hours-per-week,salary
35,PhD,Govt,Management,Divorced,Male,USA,20,63980
39,PhD,Self-employed,Sales,Single,Male,Others,36,61440
41,Masters,Govt,Sales,Single,Female,USA,56,52440
56,HS-grad,Private,Support,Married,Female,India,54,39660
19,Bachelors,Govt,IT,Divorced,Female,Canada,34,33320
31,Bachelors,Govt,Sales,Married,Female,USA,34,36980
39,HS-grad,Private,Support,Married,Female,India,32,31420
57,HS-grad,Self-employed,Sales,Single,Male,USA,46,41460
27,Masters,Private,Sales,Single,Male,Others,27,41470
18,Masters,Private,Sales,Divorced,Female,USA,49,36450
18,Bachelors,Self-employed,IT,Divorced,Female,Others,41,33050
24,Bachelors,Self-employed,Management,Single,Male,India,47,39310
61,HS-grad,Govt,Management,Married,Female,India,33,51870
59,HS-grad,Private,Sales,Married,Male,Others,28,41440
63,HS-grad,Govt,IT,Single,Female,India,24,48700
61,Masters,Govt,Management,Single,Female,Canada,27,73890
49,Bachelors,Private,IT,Divorced,Female,USA,25,51470
23,HS-grad,Private,Support,Married,Male,Canada,40,25100
49,PhD,Govt,Management,Married,Female,USA,56,78940
53,Masters,Private,Sales,Single,Male,USA,36,59600
28,PhD,Self-employed,Management,Married,Female,India,59,59350
30,PhD,Govt,IT,Married,Male,USA,35,57550
46,Bachelors,Govt,Management,Divorced,Female,USA,53,54130
62,Masters,Self-employed,Support,Married,Female,India,42,64140
51,HS-grad,Private,Support,Single,Male,USA,20,35860
55,Bachelors,Govt,Support,Single,Female,Others,46,49280
61,PhD,Self-employed,Sales,Single,Female,India,58,81020
53,Bachelors,Self-employed,Support,Single,Female,Canada,34,47600
59,Bachelors,Private,Support,Divorced,Female,Canada,54,51840
27,HS-grad,Private,Support,Married,Female,Others,52,27380
29,HS-grad,Govt,Management,Single,Female,Others,34,34640
42,Bachelors,Self-employed,Sales,Divorced,Female,USA,59,44390
27,HS-grad,Self-employed,Sales,Single,Female,India,37,27810
26,PhD,Private,IT,Divorced,Male,Canada,33,53850
30,Masters,Private,Support,Divorced,Male,India,43,43070
32,Bachelors,Govt,Sales,Married,Female,India,30,37340
23,HS-grad,Self-employed,Management,Single,Female,India,37,31550
59,PhD,Private,Sales,Married,Female,India,50,78940
63,Bachelors,Private,Management,Single,Male,Others,21,63750
54,HS-grad,Self-employed,Support,Married,Male,USA,55,38870
34,HS-grad,Self-employed,IT,Married,Male,Others,43,35150
48,Masters,Govt,Sales,Single,Female,India,45,56650
20,Bachelors,Govt,Support,Divorced,Male,Others,27,29430
39,Masters,Self-employed,Sales,Single,Female,Others,21,49330
51,HS-grad,Private,IT,Single,Female,India,44,43700
52,Masters,Govt,IT,Divorced,Female,Canada,31,63710
23,Bachelors,Govt,IT,Single,Male,Others,50,36600
32,Bachelors,Self-employed,Sales,Single,Female,India,40,37840
51,PhD,Self-employed,Support,Single,Male,India,25,69310
59,Masters,Private,Sales,Single,Female,Canada,56,64680
28,HS-grad,Govt,Sales,Single,Male,USA,25,27650
54,PhD,Self-employed,Management,Married,Male,India,52,83440
50,Bachelors,Self-employed,Support,Married,Male,Canada,54,46980
20,Bachelors,Private,Support,Divorced,Female,India,41,30130
46,Bachelors,Govt,Support,Single,Female,Others,40,44120
18,HS-grad,Self-employed,Sales,Divorced,Female,Others,20,23000
62,Bachelors,Self-employed,Support,Married,Male,India,50,53260
43,PhD,Private,IT,Divorced,Male,USA,29,68950
31,HS-grad,Self-employed,IT,Single,Female,India,41,33550
28,Bachelors,Govt,Management,Single,Female,India,20,40600
46,PhD,Self-employed,Management,Single,Female,India,28,74720
46,Masters,Private,Support,Single,Male,India,29,52930
23,PhD,Govt,Management,Married,Female,USA,45,53950
36,HS-grad,Govt,Support,Married,Male,India,39,30509
51,HS-grad,Self-employed,IT,Married,Female,India,34,43200
39,HS-grad,Self-employed,IT,Married,Female,Canada,45,37750
57,PhD,Self-employed,Support,Married,Male,India,30,74480
51,Bachelors,Private,Sales,Married,Female,India,29,47930
21,Bachelors,Govt,Management,Single,Female,India,53,37630
42,HS-grad,Private,Support,Single,Male,Canada,56,33880
47,PhD,Govt,Support,Divorced,Female,India,47,67130
42,Masters,Govt,IT,Divorced,Female,Others,42,56860
45,HS-grad,Private,Sales,Divorced,Female,Canada,26,35180
32,Bachelors,Private,Sales,Divorced,Male,USA,50,38340
58,Bachelors,Self-employed,Support,Divorced,Female,USA,30,50100
36,Bachelors,Govt,Management,Single,Male,India,32,46479
59,PhD,Private,Support,Single,Female,Canada,32,76220
22,Masters,Self-employed,IT,Divorced,Male,Others,21,41010
65,PhD,Self-employed,Sales,Divorced,Female,Others,53,84130
49,Masters,Govt,IT,Married,Male,Others,55,62690
39,Masters,Private,Sales,Single,Male,Others,47,50630
24,HS-grad,Self-employed,Management,Married,Male,USA,22,31340
58,Masters,Govt,Sales,Divorced,Female,USA,51,63750
22,Bachelors,Private,Management,Married,Female,Others,56,38440
22,Masters,Self-employed,Sales,Single,Male,USA,42,38820
63,Bachelors,Private,IT,Married,Female,Canada,35,60650
42,PhD,Self-employed,Sales,Divorced,Female,India,57,65010
30,Masters,Private,IT,Single,Female,Canada,55,48630
51,HS-grad,Govt,Sales,Married,Male,India,47,38870
37,Masters,Private,Management,Divorced,Female,India,37,55669
62,HS-grad,Self-employed,Management,Married,Male,Canada,22,51860
49,PhD,Private,Support,Single,Male,India,21,67470
23,Bachelors,Private,Sales,Single,Female,Canada,48,33200
65,HS-grad,Govt,Support,Single,Female,Canada,35,42490
58,HS-grad,Govt,Management,Single,Female,Canada,27,49950
29,PhD,Private,Sales,Single,Male,India,33,52890
27,Masters,Self-employed,Management,Divorced,Male,USA,34,47720
31,PhD,Self-employed,Sales,Single,Male,USA,20,53920
23,PhD,Private,IT,Married,Female,USA,37,51350
45,Bachelors,Private,Sales,Married,Female,Others,28,44520
40,PhD,Private,IT,Divorced,Male,Others,39,66750
18,PhD,Private,IT,Single,Female,USA,48,47400
54,Masters,Self-employed,Sales,Married,Female,USA,34,60180
29,Bachelors,Self-employed,Management,Single,Male,Others,54,42960
30,Masters,Self-employed,Sales,Married,Male,India,53,44810
32,PhD,Private,Management,Divorced,Male,Canada,57,63010
43,PhD,Self-employed,Sales,Divorced,Male,India,58,65900
43,PhD,Govt,Support,Single,Male,Others,44,63700
40,Masters,Private,Sales,Married,Female,India,26,50260
33,Bachelors,Govt,Support,Single,Male,Canada,27,36450
38,HS-grad,Private,Support,Married,Male,India,29,30849
43,PhD,Self-employed,Sales,Single,Male,Canada,30,64500
49,PhD,Govt,Management,Married,Male,USA,56,78940
33,Masters,Self-employed,Management,Single,Female,Others,28,52100
60,HS-grad,Private,Sales,Single,Male,USA,45,42730
64,PhD,Private,Sales,Single,Male,Canada,59,83590
41,Bachelors,Private,Sales,Married,Male,USA,27,42230
24,HS-grad,Govt,Support,Married,Female,USA,28,24920
26,Masters,Self-employed,Sales,Divorced,Female,Canada,50,41940
50,Bachelors,Self-employed,Sales,Married,Female,Canada,59,48870
58,HS-grad,Private,Management,Single,Female,India,58,51500
21,Bachelors,Private,IT,Single,Female,USA,42,34960
52,Masters,Govt,Sales,Divorced,Female,India,56,59920
44,HS-grad,Private,Support,Single,Female,Others,41,33970
50,HS-grad,Govt,Sales,Divorced,Male,India,36,37880
54,HS-grad,Govt,IT,Divorced,Male,Others,48,45400
52,PhD,Govt,Sales,Married,Male,India,42,72660
47,Bachelors,Private,Management,Divorced,Male,USA,35,53890
61,HS-grad,Govt,Sales,Married,Male,India,38,42820
41,Bachelors,Govt,IT,Divorced,Male,Canada,28,46660
45,HS-grad,Self-employed,Sales,Divorced,Female,Others,58,36780
23,HS-grad,Govt,Sales,Single,Male,India,59,27150
19,HS-grad,Private,Sales,Divorced,Male,USA,52,25040
21,HS-grad,Govt,Support,Divorced,Female,Others,35,24010
47,PhD,Govt,Management,Single,Female,India,46,76560
58,Masters,Private,Management,Divorced,Male,Canada,47,72550
60,PhD,Private,Sales,Single,Male,India,21,78330
26,Masters,Private,Management,Divorced,Male,India,33,46890
27,PhD,Self-employed,Support,Divorced,Male,USA,50,50880
53,Bachelors,Govt,Support,Divorced,Male,India,38,47800
31,Bachelors,Self-employed,Support,Divorced,Male,USA,48,36420
56,Bachelors,Govt,IT,Single,Male,India,22,55660
46,Bachelors,Private,Sales,Single,Female,Canada,33,45330
60,Masters,Private,IT,Single,Female,Others,31,69630
47,Bachelors,Private,Support,Single,Female,Canada,25,43910
36,HS-grad,Self-employed,IT,Divorced,Male,USA,27,35350
38,Bachelors,Self-employed,IT,Single,Female,USA,30,44900
42,Masters,Self-employed,IT,Divorced,Male,Canada,52,57360
63,Masters,Govt,Support,Single,Male,Others,42,64800
29,Bachelors,Govt,IT,Single,Female,Others,48,40220
60,HS-grad,Self-employed,Sales,Divorced,Female,USA,56,43280
65,Masters,Govt,IT,Married,Male,USA,33,73430
24,HS-grad,Private,Support,Single,Male,Canada,23,24670
59,Masters,Private,Support,Single,Female,Others,42,62160
36,PhD,Govt,Support,Single,Female,India,40,57759
29,Bachelors,Self-employed,Sales,Single,Female,Canada,58,37060
64,Bachelors,Private,Management,Single,Male,Canada,59,66310
39,Bachelors,Govt,IT,Divorced,Male,India,39,45970
53,HS-grad,Self-employed,Sales,Single,Female,Others,40,39400
58,Masters,Govt,Management,Single,Female,India,26,71500
47,Masters,Govt,Sales,Married,Male,India,46,56020
51,Masters,Self-employed,Management,Married,Male,India,51,67290
34,HS-grad,Govt,Support,Divorced,Male,USA,28,29120
25,PhD,Private,IT,Single,Male,Canada,32,52900
63,Masters,Self-employed,Management,Married,Female,USA,36,75900
49,Bachelors,Govt,Management,Married,Female,Canada,60,56460
54,PhD,Govt,Support,Divorced,Male,India,53,73170
53,Bachelors,Private,Support,Single,Male,Others,29,47350
47,Masters,Self-employed,IT,Married,Female,USA,46,60760
53,HS-grad,Private,IT,Married,Female,India,44,44700
58,Masters,Govt,Support,Single,Female,USA,56,62200
49,PhD,Self-employed,Sales,Divorced,Male,India,21,69090
46,HS-grad,Private,Sales,Divorced,Female,India,59,37270
27,Bachelors,Govt,Support,Divorced,Male,India,58,34760
58,Bachelors,Govt,Management,Married,Male,Others,42,61500
31,Bachelors,Govt,IT,Married,Female,USA,26,40360
45,Masters,Private,Sales,Single,Female,India,43,54510
25,Bachelors,Private,Management,Married,Male,Others,49,40070
56,Bachelors,Private,Sales,Married,Male,India,49,51730
55,HS-grad,Self-employed,IT,Married,Male,India,48,45900
23,HS-grad,Self-employed,IT,Single,Female,Canada,56,30300
43,PhD,Govt,Sales,Single,Female,India,52,65600
22,HS-grad,Private,Support,Married,Male,Others,60,25680
35,Bachelors,Private,Management,Divorced,Male,Others,38,46120
42,Masters,Private,Sales,Married,Male,USA,32,51920
40,PhD,Self-employed,IT,Single,Male,USA,51,67350
62,HS-grad,Govt,IT,Single,Male,India,30,48500
25,Masters,Govt,IT,Single,Male,India,24,43380
61,Bachelors,Self-employed,Support,Divorced,Male,Canada,31,51770
45,HS-grad,Self-employed,Support,Divorced,Female,India,30,33840
39,HS-grad,Govt,IT,Single,Male,USA,26,36800
45,Bachelors,Private,Support,Divorced,Male,Others,51,44130
39,PhD,Govt,Support,Divorced,Male,USA,46,60520
59,Bachelors,Self-employed,Sales,Married,Female,USA,33,52610
37,Masters,Self-employed,Sales,Married,Female,Canada,29,48370
44,PhD,Private,Support,Single,Female,USA,56,65120
40,Masters,Private,Sales,Married,Female,India,28,50360
47,PhD,Private,Sales,Married,Female,Others,59,69310
47,PhD,Private,Sales,Single,Male,Others,55,69110
37,Masters,Private,Sales,Married,Male,USA,51,49470
18,Bachelors,Private,Support,Married,Female,India,36,28800
55,HS-grad,Govt,Management,Divorced,Male,India,54,49680
33,HS-grad,Self-employed,Support,Divorced,Female,Others,52,29900
47,Bachelors,Private,Support,Married,Female,USA,22,43760
51,Masters,Private,IT,Divorced,Male,USA,30,62920
47,Masters,Private,Support,Married,Female,Others,47,54490
18,HS-grad,Self-employed,Management,Married,Male,India,45,29250
28,Masters,Self-employed,Management,Married,Male,USA,58,49700
44,Masters,Govt,Support,Married,Male,Others,60,53160
41,Bachelors,Self-employed,Management,Single,Female,Others,23,49330
61,Masters,Private,IT,Married,Male,India,54,71520
25,Bachelors,Govt,Support,Divorced,Male,Canada,20,31780
53,Bachelors,Private,Management,Single,Female,Canada,37,57950
42,HS-grad,Private,Support,Divorced,Male,USA,46,33380
34,PhD,Govt,Management,Single,Female,Canada,46,64340
30,Masters,Govt,Sales,Single,Female,Others,39,44110
24,HS-grad,Govt,Sales,Married,Female,Canada,38,26540
62,PhD,Private,Management,Divorced,Female,India,46,90660
39,HS-grad,Govt,Sales,Single,Male,Canada,42,33340
43,PhD,Private,IT,Married,Male,India,49,69950
43,Bachelors,Self-employed,Management,Single,Female,India,32,51100
22,Bachelors,Self-employed,Support,Married,Male,Canada,41,31210
53,Masters,Govt,Sales,Married,Female,India,32,59400
21,PhD,Private,Support,Single,Male,Others,45,45710
45,HS-grad,Self-employed,Sales,Single,Female,Others,37,35730
38,HS-grad,Govt,IT,Married,Male,India,30,36500
25,HS-grad,Govt,IT,Married,Female,USA,46,30800
58,HS-grad,Self-employed,Management,Single,Female,Canada,39,50550
26,Masters,Private,Management,Married,Female,Canada,25,46490
60,PhD,Private,Support,Single,Male,India,39,77390
56,Bachelors,Govt,Sales,Married,Female,USA,37,51130
46,Masters,Govt,Management,Married,Female,Others,60,63840
48,Masters,Private,Management,Divorced,Female,Canada,22,63500
37,HS-grad,Self-employed,IT,Single,Female,USA,42,36600
20,PhD,Self-employed,IT,Divorced,Female,Canada,23,47950
56,HS-grad,Private,Support,Married,Male,India,29,38410
31,Bachelors,Self-employed,Management,Married,Male,Others,58,44480
56,PhD,Private,Sales,Married,Female,USA,32,75520
43,PhD,Govt,Support,Divorced,Female,USA,55,64250
56,PhD,Self-employed,IT,Single,Female,India,39,81150
31,Masters,Private,Management,Married,Female,Canada,55,51890
41,Masters,Private,Management,Single,Male,Others,55,59690
65,Bachelors,Govt,Management,Single,Male,India,60,67020
40,Bachelors,Govt,IT,Divorced,Female,USA,24,45840
39,HS-grad,Govt,Support,Married,Male,USA,29,31270
50,PhD,Self-employed,Support,Divorced,Female,Others,28,68640
49,HS-grad,Govt,IT,Single,Female,Others,44,42700
61,PhD,Self-employed,IT,Divorced,Female,Others,55,86450
28,Masters,Govt,IT,Single,Male,Others,21,45450
43,Masters,Govt,Sales,Single,Female,India,35,52750
52,HS-grad,Govt,Management,Single,Female,Canada,27,46710
23,Masters,Govt,Sales,Single,Male,India,34,39100
55,PhD,Govt,Management,Single,Female,Others,48,84180
38,Bachelors,Govt,Management,Single,Male,Canada,59,49150
31,Masters,Govt,Management,Married,Female,Canada,22,50240
58,Masters,Govt,IT,Single,Male,Canada,35,68350
61,Masters,Self-employed,Support,Divorced,Female,Others,60,64379
28,Bachelors,Govt,Management,Divorced,Male,USA,52,42200
52,Masters,Private,IT,Married,Male,Canada,36,63960
52,HS-grad,Govt,Sales,Married,Female,USA,25,38210
48,PhD,Govt,Sales,Married,Male,Others,43,69350
24,Masters,Govt,Management,Divorced,Male,Others,29,45130
32,HS-grad,Self-employed,IT,Married,Male,Canada,26,33300
39,Bachelors,Self-employed,Management,Single,Female,Canada,23,48010
58,Bachelors,Private,IT,Married,Female,Others,60,58800
52,Bachelors,Private,Support,Married,Male,Canada,49,47810
65,Bachelors,Private,Support,Divorced,Male,Canada,23,53530
21,Masters,Self-employed,Sales,Married,Female,Others,45,38290
24,PhD,Self-employed,Support,Single,Male,Others,57,48770
21,Masters,Private,IT,Divorced,Female,Canada,26,40520
35,HS-grad,Govt,IT,Married,Female,Others,36,35300
30,Masters,Self-employed,Management,Married,Male,USA,55,51110
23,HS-grad,Self-employed,Management,Married,Male,USA,24,30900
35,Masters,Self-employed,IT,Married,Male,Others,29,51030
64,Masters,Private,IT,Married,Male,Canada,38,72940
48,PhD,Self-employed,Sales,Married,Male,Others,43,69350
49,HS-grad,Private,Sales,Divorced,Female,Canada,33,37290
21,Bachelors,Govt,Management,Single,Male,USA,29,36430
41,Masters,Govt,Sales,Divorced,Female,USA,32,51240
55,Bachelors,Govt,Management,Single,Female,USA,48,59820
20,Masters,Self-employed,IT,Single,Male,Canada,31,40030
56,HS-grad,Self-employed,Support,Divorced,Male,USA,26,38260
56,PhD,Govt,IT,Married,Female,USA,28,80600
30,HS-grad,Private,Management,Single,Male,USA,54,36180
55,HS-grad,Self-employed,IT,Married,Male,USA,32,45100
31,Bachelors,Govt,IT,Married,Male,USA,22,40160
39,Masters,Govt,IT,Single,Male,USA,28,53940
51,HS-grad,Self-employed,Support,Married,Female,Canada,51,37410
35,Masters,Govt,IT,Single,Female,Others,43,51730
43,PhD,Self-employed,Management,Divorced,Female,Canada,55,73250
31,HS-grad,Govt,Management,Single,Male,India,42,36120
36,Bachelors,Self-employed,Management,Married,Male,India,56,47679
28,Bachelors,Private,Management,Married,Female,India,55,42350
58,PhD,Self-employed,Sales,Married,Female,USA,22,76700
18,Masters,Govt,IT,Married,Male,Canada,27,38350
22,HS-grad,Self-employed,IT,Married,Male,India,42,29100
28,Bachelors,Self-employed,Sales,Single,Male,Canada,47,35950
56,PhD,Govt,Support,Single,Male,India,28,73560
42,HS-grad,Govt,Sales,Divorced,Male,India,24,33760
32,HS-grad,Private,Sales,Single,Male,India,32,29760
19,HS-grad,Private,Sales,Single,Female,Canada,21,23490
49,HS-grad,Private,Management,Married,Male,Others,59,46690
30,HS-grad,Self-employed,Sales,Divorced,Female,Others,56,30080
27,HS-grad,Self-employed,IT,Divorced,Female,Others,51,32050
25,Bachelors,Self-employed,IT,Divorced,Female,Others,53,37990
53,Bachelors,Private,Management,Married,Female,India,25,57350
48,Bachelors,Self-employed,Sales,Married,Male,USA,42,46900
61,Masters,Private,Management,Single,Male,India,27,73890
36,Masters,Private,IT,Single,Female,Canada,33,51969
42,Masters,Govt,IT,Divorced,Female,USA,22,55860
28,HS-grad,Private,Management,Married,Male,India,28,33800
36,PhD,Self-employed,IT,Single,Female,India,29,62649
49,HS-grad,Govt,Management,Married,Male,India,40,45740
60,Masters,Private,Sales,Divorced,Male,Others,25,63809
62,HS-grad,Private,IT,Divorced,Male,Canada,21,48050
36,HS-grad,Govt,IT,Divorced,Female,Canada,37,35850
57,Masters,Private,Management,Married,Female,USA,23,70570
41,HS-grad,Govt,Management,Single,Female,Canada,57,42270
57,PhD,Self-employed,Support,Married,Male,Others,30,74480
37,PhD,Govt,Support,Single,Female,India,60,59579
39,Bachelors,Self-employed,Management,Married,Male,USA,50,49360
36,HS-grad,Private,IT,Single,Female,India,53,36650
22,HS-grad,Self-employed,Management,Single,Female,Canada,46,31460
53,Masters,Self-employed,Management,Divorced,Male,Canada,33,67950
35,Masters,Self-employed,IT,Married,Male,USA,59,52530
46,HS-grad,Self-employed,Sales,Married,Female,Others,28,35720
39,Masters,Self-employed,Management,Single,Male,USA,48,57780
33,PhD,Private,IT,Single,Female,Canada,43,60650
36,Bachelors,Private,Sales,Single,Male,Others,40,40080
61,PhD,Self-employed,Support,Divorced,Female,India,47,78610
37,Bachelors,Self-employed,Support,Single,Male,USA,38,39160
26,Bachelors,Self-employed,IT,Married,Female,India,45,38210
63,Bachelors,Private,IT,Married,Female,Canada,20,59900
36,Bachelors,Govt,IT,Single,Female,USA,31,43709
63,HS-grad,Private,Management,Married,Male,Others,31,52850
21,PhD,Self-employed,Sales,Married,Male,USA,35,46270
62,Masters,Private,Management,Divorced,Female,India,51,75870
48,Bachelors,Private,Sales,Married,Female,India,45,47050
22,Masters,Private,IT,Single,Female,Others,52,42560
28,Masters,Private,Management,Married,Male,Others,30,48300
25,Bachelors,Self-employed,IT,Single,Male,USA,26,36640
55,Masters,Self-employed,Management,Married,Male,USA,42,69960
31,Bachelors,Private,IT,Single,Male,India,54,41760
44,Bachelors,Govt,Support,Single,Male,Others,40,43040
22,HS-grad,Private,IT,Single,Female,India,53,29650
48,PhD,Self-employed,IT,Divorced,Female,Canada,46,74300
63,Bachelors,Private,Management,Married,Male,Canada,24,63900
55,HS-grad,Private,Management,Divorced,Male,USA,44,49180
37,Bachelors,Private,Management,Single,Male,USA,27,46890
64,Masters,Govt,Sales,Single,Female,Others,52,67880
58,HS-grad,Private,Support,Divorced,Female,USA,38,39700
30,Bachelors,Govt,Management,Married,Male,Others,53,43570
61,Masters,Self-employed,Support,Married,Male,India,30,62879
42,HS-grad,Self-employed,IT,Married,Male,India,53,39650
41,Masters,Private,Management,Single,Male,Canada,46,59240
40,Masters,Private,IT,Married,Female,India,53,55930
36,Bachelors,Private,IT,Married,Female,USA,20,43159
33,HS-grad,Govt,IT,Divorced,Male,USA,53,35150
51,Bachelors,Govt,IT,Divorced,Female,India,59,54410
25,Bachelors,Self-employed,Sales,Divorced,Male,India,23,33070
23,PhD,Private,IT,Divorced,Female,Others,38,51400
43,Masters,Private,Sales,Single,Female,Canada,46,53300
46,Bachelors,Govt,Sales,Married,Female,Others,54,46380
60,PhD,Govt,Support,Single,Female,Others,33,77090
65,Bachelors,Private,Management,Divorced,Male,India,37,65870
57,Masters,Private,Sales,Married,Female,India,55,63270
28,PhD,Self-employed,IT,Married,Female,Others,45,56250
49,Bachelors,Private,IT,Divorced,Female,Canada,47,52570
32,PhD,Self-employed,Sales,Divorced,Female,USA,25,55010
22,HS-grad,Private,Support,Divorced,Male,India,28,24080
40,Masters,Private,Sales,Single,Male,Others,28,50360
44,PhD,Govt,Sales,Divorced,Male,Canada,55,66590
54,Bachelors,Govt,Support,Single,Male,USA,47,48790
19,PhD,Self-employed,Support,Single,Female,USA,26,43120
57,Bachelors,Self-employed,Support,Single,Female,Others,31,49610
35,Bachelors,Govt,Support,Single,Female,Canada,54,38880
23,HS-grad,Govt,IT,Married,Male,Others,60,30500
65,Masters,Private,Support,Single,Female,Canada,57,66870
51,PhD,Self-employed,Sales,Married,Female,USA,43,71870
20,HS-grad,Self-employed,Management,Divorced,Female,USA,50,30580
19,Masters,Govt,IT,Divorced,Female,Others,24,38940
18,Bachelors,Private,IT,Single,Female,USA,46,33300
51,Masters,Govt,Support,Divorced,Female,Others,30,56280
29,Masters,Self-employed,Management,Single,Female,USA,38,49480
36,Bachelors,Govt,IT,Single,Female,USA,25,43409
36,PhD,Private,IT,Divorced,Female,Others,26,62499
22,Bachelors,Self-employed,Sales,Divorced,Female,USA,35,31990
56,Bachelors,Private,Management,Single,Female,USA,23,59230
57,Masters,Govt,Sales,Single,Female,USA,29,61970
33,PhD,Govt,Sales,Divorced,Male,Canada,24,55800
65,PhD,Self-employed,Sales,Divorced,Female,India,24,82680
30,HS-grad,Govt,Sales,Single,Male,USA,42,29380
30,HS-grad,Govt,Management,Single,Male,USA,59,36430
52,Masters,Private,IT,Divorced,Male,Others,52,64760
47,Masters,Self-employed,IT,Divorced,Female,Others,56,61260
60,HS-grad,Govt,IT,Single,Male,India,25,47250
18,Masters,Private,Sales,Married,Male,Others,55,36750
25,PhD,Private,IT,Single,Male,USA,40,53300
24,Masters,Private,Management,Married,Male,USA,39,45630
23,PhD,Self-employed,Sales,Single,Female,USA,35,47950
51,Bachelors,Private,IT,Married,Male,Others,53,54110
30,PhD,Self-employed,Management,Single,Male,Canada,58,61180
56,HS-grad,Govt,IT,Divorced,Female,Others,49,46450
58,Bachelors,Private,Support,Single,Female,India,49,51050
59,PhD,Govt,Management,Single,Male,India,27,86890
19,Masters,Self-employed,Sales,Married,Male,India,33,36330
29,PhD,Private,Support,Divorced,Male,India,58,52920
23,HS-grad,Self-employed,Sales,Married,Female,Canada,45,26450
28,PhD,Private,Sales,Single,Male,Canada,47,52750
38,Masters,Govt,Support,Married,Male,Canada,21,47250
49,PhD,Govt,Sales,Divorced,Male,USA,31,69590
26,PhD,Govt,IT,Single,Female,Others,57,55050
30,PhD,Govt,IT,Divorced,Female,India,49,58250
44,HS-grad,Self-employed,Support,Married,Female,India,43,34070
29,Masters,Govt,IT,Married,Female,India,57,47990
43,Masters,Private,Sales,Married,Male,India,55,53750
38,PhD,Private,Sales,Divorced,Female,Others,40,60799
54,Bachelors,Govt,IT,Married,Female,USA,21,54370
24,Bachelors,Self-employed,IT,Divorced,Male,Others,57,37570
29,PhD,Private,Support,Single,Female,Others,24,51220
31,HS-grad,Self-employed,IT,Single,Male,India,51,34050
37,Masters,Private,IT,Divorced,Male,Others,56,53859
52,Bachelors,Self-employed,Support,Single,Male,Others,40,47360
53,PhD,Govt,Support,Married,Female,USA,59,72650
38,HS-grad,Self-employed,Management,Single,Female,India,23,38950
51,Bachelors,Govt,Sales,Single,Male,India,46,48780
18,HS-grad,Self-employed,IT,Married,Male,Others,44,27200
41,HS-grad,Self-employed,Support,Married,Female,Canada,26,31960
20,PhD,Self-employed,Management,Divorced,Male,Others,28,50280
19,PhD,Govt,Management,Single,Female,India,28,49340
60,HS-grad,Self-employed,IT,Married,Female,Others,29,47450
25,Bachelors,Private,Support,Single,Female,India,54,33480
27,PhD,Govt,IT,Married,Male,USA,49,55550
57,Bachelors,Private,Sales,Married,Female,Others,57,52690
48,Bachelors,Govt,Sales,Divorced,Male,Others,42,46900
21,Bachelors,Self-employed,Management,Married,Male,India,32,36580
51,Masters,Private,Management,Divorced,Male,India,37,66590
61,PhD,Self-employed,Support,Married,Male,Others,21,77310
42,HS-grad,Private,Sales,Divorced,Male,India,32,34160
20,HS-grad,Govt,Support,Single,Female,India,59,24790
22,PhD,Private,IT,Divorced,Male,Others,39,50550
49,Masters,Private,Sales,Married,Female,India,45,57330
38,HS-grad,Self-employed,Management,Divorced,Female,USA,39,39750
44,HS-grad,Self-employed,IT,Single,Male,India,39,39950
23,Bachelors,Govt,Sales,Single,Male,India,51,33350
31,Masters,Private,Support,Married,Male,India,22,42680
65,HS-grad,Self-employed,IT,Divorced,Male,Others,44,50700
60,HS-grad,Self-employed,Support,Divorced,Female,Canada,36,40440
49,Bachelors,Govt,Management,Divorced,Female,Others,30,54960
42,Bachelors,Self-employed,IT,Divorced,Male,Others,56,48680
36,PhD,Private,IT,Divorced,Male,Others,51,63749
26,Bachelors,Govt,Sales,Married,Female,USA,60,35480
48,Masters,Self-employed,Support,Single,Male,Canada,32,54400
54,PhD,Govt,Support,Single,Male,USA,48,72920
30,PhD,Self-employed,IT,Married,Male,India,57,58650
53,Masters,Govt,Management,Divorced,Female,Canada,20,67300
43,Bachelors,Private,Management,Divorced,Male,Canada,54,52200
30,PhD,Govt,Support,Divorced,Female,India,33,52490
57,Masters,Private,Support,Single,Female,Canada,44,60940
24,PhD,Self-employed,Sales,Divorced,Female,Others,29,48490
50,Masters,Self-employed,Sales,Married,Male,USA,43,57910
44,Bachelors,Private,Support,Single,Male,Others,34,42740
23,PhD,Govt,Sales,Married,Male,Canada,39,48150
32,Masters,Private,Management,Married,Male,Others,43,52070
18,Masters,Self-employed,Support,Single,Male,Canada,25,34250
28,Bachelors,Private,IT,Married,Female,Others,53,39850
51,HS-grad,Govt,Sales,Single,Female,Others,26,37820
32,PhD,Self-employed,Management,Single,Female,Canada,39,62110
33,PhD,Private,Sales,Married,Male,Canada,53,57250
20,Masters,Self-employed,Support,Single,Female,USA,24,35520
26,Bachelors,Self-employed,Support,Single,Male,USA,26,32619
57,PhD,Govt,IT,Single,Male,Others,34,81800
57,Masters,Govt,Management,Single,Female,USA,45,71670
19,HS-grad,Govt,Support,Single,Female,Others,55,24170
53,Masters,Private,Management,Married,Male,USA,40,68300
32,Bachelors,Self-employed,IT,Single,Female,India,49,42130
55,HS-grad,Govt,Management,Divorced,Male,India,47,49330
35,PhD,Self-employed,Management,Single,Female,Others,45,65230
22,HS-grad,Self-employed,IT,Divorced,Female,Canada,36,28800
58,PhD,Govt,Support,Married,Female,India,58,76700
38,Bachelors,Private,Support,Single,Female,Others,47,40150
34,HS-grad,Self-employed,IT,Single,Male,Others,36,34800
22,Bachelors,Govt,Support,Married,Male,Canada,20,30160
56,PhD,Govt,Sales,Divorced,Female,Canada,34,75620
22,HS-grad,Self-employed,Management,Single,Male,Canada,22,30260
29,HS-grad,Self-employed,IT,Single,Female,USA,27,31850
50,Bachelors,Govt,Sales,Single,Male,Canada,30,47420
19,PhD,Govt,Sales,Married,Female,USA,60,45840
64,Bachelors,Private,Support,Married,Female,Others,20,52840
19,Bachelors,Govt,IT,Divorced,Male,Canada,26,32920
36,Masters,Self-employed,Support,Married,Female,Others,37,46729
61,PhD,Self-employed,Support,Single,Male,Canada,52,78860
23,PhD,Private,IT,Divorced,Male,Canada,50,52000
53,HS-grad,Private,Support,Married,Male,USA,24,36900
48,PhD,Self-employed,Sales,Divorced,Male,Others,52,69800
55,Bachelors,Govt,Sales,Married,Male,India,27,50070
37,Masters,Private,Support,Divorced,Female,India,31,47090
43,HS-grad,Govt,Management,Married,Female,USA,24,41700
51,HS-grad,Self-employed,Management,Single,Male,USA,58,47720
54,Masters,Govt,Management,Divorced,Female,Others,46,69380
44,HS-grad,Private,Sales,Married,Male,USA,21,34490
23,Masters,Self-employed,Sales,Married,Female,USA,31,38950
38,HS-grad,Govt,Support,Married,Male,USA,34,31099
21,PhD,Govt,Management,Divorced,Male,India,59,52770
50,HS-grad,Self-employed,IT,Divorced,Female,Others,27,42350
19,Bachelors,Self-employed,Management,Single,Female,India,37,35510
39,HS-grad,Private,Sales,Single,Female,Canada,36,33040
19,PhD,Self-employed,Sales,Married,Male,Canada,23,43990
31,PhD,Govt,Sales,Married,Male,India,36,54720
31,Bachelors,Govt,Management,Single,Female,Canada,21,42630
59,Bachelors,Private,Sales,Married,Male,India,27,52310
20,PhD,Self-employed,Support,Married,Male,Others,38,44540
27,Bachelors,Self-employed,IT,Married,Female,USA,48,38980
30,Bachelors,Govt,IT,Married,Female,India,21,39490
56,HS-grad,Govt,Support,Single,Male,Canada,49,39410
20,Masters,Govt,Support,Divorced,Male,Others,32,35920
64,Masters,Private,Support,Divorced,Female,USA,52,65960
29,Masters,Govt,Support,Divorced,Female,Others,55,43010
34,Bachelors,Govt,Sales,Single,Female,India,48,39360
23,HS-grad,Private,Sales,Divorced,Male,Canada,37,26050
27,Masters,Private,Support,Divorced,Male,USA,37,40790
41,PhD,Self-employed,Support,Divorced,Female,Others,28,61260
20,Masters,Private,IT,Single,Male,India,58,41380
33,HS-grad,Private,Sales,Divorced,Male,USA,20,29600
55,HS-grad,Self-employed,IT,Single,Female,Others,34,45200
54,Masters,Govt,Sales,Married,Female,Others,60,61480
26,Masters,Self-employed,IT,Single,Female,Others,51,45470
64,Masters,Private,Support,Single,Male,USA,50,65860
22,HS-grad,Govt,Management,Married,Female,Canada,37,31010
32,PhD,Govt,Support,Married,Male,India,53,55130
58,Bachelors,Private,Management,Married,Female,USA,28,60800
35,PhD,Govt,IT,Married,Female,India,34,62000
35,Masters,Self-employed,Sales,Single,Male,Canada,50,48060
56,PhD,Self-employed,Support,Single,Male,Others,59,75110
30,HS-grad,Private,Support,Married,Female,USA,37,27890
44,PhD,Self-employed,Management,Single,Female,Canada,57,74290
54,Masters,Private,Support,Married,Female,Others,20,57760
31,HS-grad,Govt,Support,Single,Male,India,22,27560
52,Masters,Govt,Support,Single,Female,USA,45,57690
22,PhD,Private,Management,Single,Male,Canada,48,53160
47,PhD,Self-employed,Support,Divorced,Female,USA,37,66630
29,Bachelors,Self-employed,Support,Divorced,Female,USA,32,34540
29,PhD,Govt,Management,Married,Female,India,34,59040
51,Masters,Self-employed,IT,Single,Male,Canada,22,62520
50,Bachelors,Govt,IT,Divorced,Female,Others,48,53240
50,PhD,Govt,Support,Married,Male,Canada,46,69540
27,HS-grad,Private,IT,Single,Female,Others,35,31250
33,PhD,Govt,Management,Married,Male,USA,24,62300
49,Bachelors,Govt,IT,Divorced,Female,Others,51,52770
30,HS-grad,Govt,IT,Divorced,Female,Canada,47,33350
24,PhD,Govt,Management,Divorced,Male,India,53,55290
32,Masters,Self-employed,Sales,Married,Female,USA,24,44720
35,HS-grad,Private,Support,Single,Female,India,54,30840
21,Masters,Govt,IT,Divorced,Female,Canada,37,41070
34,Masters,Private,IT,Married,Male,Others,34,50540
28,PhD,Self-employed,IT,Single,Female,Others,55,56750
37,Bachelors,Govt,Sales,Divorced,Female,Canada,48,41040
23,PhD,Private,Support,Married,Female,India,42,47200
53,Bachelors,Private,IT,Single,Male,India,39,54650
34,PhD,Self-employed,Sales,Single,Male,Canada,60,58440
51,Masters,Private,IT,Married,Female,USA,49,63870
28,Masters,Govt,Management,Single,Female,India,53,49450
44,Masters,Private,Management,Single,Female,India,26,60580
58,PhD,Self-employed,IT,Married,Female,Canada,48,83400
26,PhD,Govt,Management,Single,Male,Canada,30,56019
18,PhD,Private,Support,Single,Female,Others,27,42350
50,HS-grad,Self-employed,Management,Divorced,Male,India,47,46630
52,PhD,Private,Sales,Married,Male,USA,45,72810
37,Bachelors,Self-employed,IT,Married,Male,India,55,45530
21,Masters,Private,Sales,Married,Male,India,45,38290
19,Masters,Self-employed,Sales,Married,Male,India,25,35930
53,Masters,Govt,IT,Married,Female,Canada,33,64550
37,Bachelors,Govt,Management,Married,Female,Canada,37,47390
64,PhD,Govt,Support,Single,Male,USA,28,80120
41,Bachelors,Self-employed,Sales,Married,Male,Others,51,43430
57,PhD,Govt,IT,Divorced,Female,India,54,82800
43,PhD,Self-employed,IT,Married,Female,Others,53,70150
51,PhD,Govt,IT,Single,Female,Others,48,77100
24,Bachelors,Private,IT,Married,Male,Others,36,36520
31,Bachelors,Govt,Sales,Married,Male,USA,40,37280
47,PhD,Self-employed,IT,Married,Male,USA,37,72950
42,PhD,Govt,Management,Single,Female,USA,54,72260
58,PhD,Private,Support,Single,Male,Others,39,75750
30,Masters,Govt,Sales,Single,Female,Others,46,44460
55,Bachelors,Govt,Sales,Married,Female,USA,22,49820
52,Masters,Private,IT,Single,Male,Others,42,64260
39,HS-grad,Private,Sales,Married,Female,Canada,54,33940
58,PhD,Self-employed,Management,Single,Female,India,29,86050
40,Masters,Self-employed,Sales,Single,Female,Others,23,50110
54,Masters,Private,Support,Divorced,Female,Canada,24,57960
35,HS-grad,Govt,Sales,Single,Male,Canada,37,31330
56,Bachelors,Self-employed,Support,Married,Female,India,47,49870
50,HS-grad,Govt,Support,Single,Male,Others,24,35640
26,PhD,Self-employed,Support,Married,Male,USA,41,49610
31,Masters,Self-employed,Support,Single,Male,Canada,51,44130
18,Masters,Govt,IT,Single,Female,Others,51,39550
58,HS-grad,Private,Sales,Single,Male,Canada,25,40850
31,Bachelors,Private,Sales,Married,Male,Canada,46,37580
22,Bachelors,Govt,Management,Divorced,Male,India,56,38440
19,HS-grad,Private,Support,Single,Male,USA,53,24070
27,Masters,Private,Support,Divorced,Female,Canada,26,40240
18,PhD,Private,Management,Married,Female,India,55,49750
61,PhD,Govt,IT,Married,Male,Canada,44,85900
19,HS-grad,Private,Sales,Married,Female,India,25,23690
52,PhD,Govt,IT,Divorced,Female,Others,54,78300
18,HS-grad,Private,IT,Married,Female,USA,23,26150
39,PhD,Govt,Management,Divorced,Female,Canada,38,68640
53,HS-grad,Self-employed,Management,Married,Female,India,60,48900
57,Bachelors,Private,Sales,Divorced,Male,India,25,51090
21,PhD,Self-employed,Sales,Divorced,Female,India,22,45620
23,HS-grad,Private,Support,Divorced,Female,USA,56,25900
27,HS-grad,Govt,Support,Divorced,Male,USA,45,27030
33,PhD,Self-employed,IT,Married,Female,India,29,59950
38,Masters,Govt,IT,Single,Female,India,55,54550
53,Masters,Private,Sales,Married,Female,Canada,42,59900
21,Bachelors,Private,Sales,Married,Male,India,55,32430
38,Masters,Govt,Support,Married,Female,USA,47,48550
25,Masters,Private,Sales,Single,Female,USA,40,40760
60,PhD,Private,IT,Married,Female,Others,59,85750
52,PhD,Govt,Management,Married,Male,Others,31,80510
23,HS-grad,Private,Sales,Divorced,Male,Others,28,25600
63,HS-grad,Self-employed,Support,Single,Male,USA,24,41100
26,HS-grad,Self-employed,Support,Married,Male,Others,47,26710
63,Bachelors,Private,Management,Single,Male,India,47,65050
57,Masters,Self-employed,Sales,Divorced,Female,Canada,24,61720
35,PhD,Govt,Support,Divorced,Female,Others,54,57640
36,HS-grad,Private,IT,Divorced,Female,Others,30,35500
25,Bachelors,Private,IT,Married,Male,USA,55,38090
60,Bachelors,Private,Management,Married,Male,Others,56,63519
27,PhD,Self-employed,IT,Married,Male,Canada,32,54700
36,HS-grad,Self-employed,Management,Single,Female,India,36,38520
42,Bachelors,Self-employed,Support,Single,Male,Canada,41,42010
27,PhD,Govt,Sales,Single,Male,Others,43,51710
55,Bachelors,Govt,Sales,Single,Male,USA,39,50670
24,HS-grad,Self-employed,Sales,Single,Female,Others,30,26140
47,Masters,Private,Support,Married,Female,Canada,50,54640
63,Bachelors,Self-employed,Sales,Divorced,Female,Others,37,55050
60,PhD,Govt,Support,Divorced,Female,Canada,35,77190
27,PhD,Private,IT,Married,Female,Others,23,54250
52,HS-grad,Private,Support,Married,Male,Canada,50,37780
62,HS-grad,Self-employed,Support,Divorced,Female,India,45,41730
31,Masters,Govt,Management,Divorced,Male,Others,52,51740
27,Bachelors,Self-employed,Sales,Divorced,Female,India,59,35990
42,Bachelors,Private,Sales,Divorced,Male,Others,48,43840
47,Bachelors,Self-employed,Sales,Divorced,Female,Canada,43,46390
25,Masters,Govt,Sales,Married,Male,USA,46,41060
56,PhD,Self-employed,IT,Single,Female,Others,23,80350
23,Bachelors,Govt,Support,Married,Female,India,32,31300
24,PhD,Govt,IT,Divorced,Female,Others,43,52550
47,Masters,Self-employed,IT,Divorced,Male,India,60,61460
38,PhD,Private,Sales,Married,Female,India,42,60899
23,PhD,Private,IT,Single,Female,Canada,59,52450
60,Masters,Govt,Sales,Married,Male,Canada,24,63759
53,HS-grad,Govt,IT,Single,Female,India,32,44100
61,HS-grad,Govt,Sales,Divorced,Female,USA,30,42420
63,PhD,Govt,Support,Divorced,Female,Canada,41,79950
50,Masters,Private,Support,Married,Female,India,42,56220
63,Masters,Self-employed,IT,Divorced,Male,Others,39,72250
63,PhD,Govt,Support,Married,Male,Others,51,80450
44,Masters,Govt,IT,Single,Male,Canada,40,58240
33,HS-grad,Self-employed,IT,Divorced,Male,Others,56,35300
61,Bachelors,Self-employed,Management,Single,Female,USA,37,63229
31,Masters,Self-employed,Sales,Single,Male,Others,31,44390
64,Masters,Govt,Management,Divorced,Male,Canada,39,76830
56,Bachelors,Govt,IT,Divorced,Female,Canada,21,55610
38,HS-grad,Private,Support,Married,Male,India,28,30799
55,Bachelors,Govt,Sales,Married,Male,Canada,36,50520
48,Masters,Govt,Management,Single,Female,USA,48,64800
36,Bachelors,Govt,Sales,Married,Female,India,29,39530
45,HS-grad,Govt,IT,Married,Female,USA,36,40300
47,Bachelors,Self-employed,IT,Divorced,Male,Canada,28,50380
64,HS-grad,Self-employed,Support,Divorced,Male,Others,47,42670
59,PhD,Govt,Sales,Single,Male,Canada,24,77640
59,PhD,Private,Sales,Married,Female,USA,41,78490
37,Bachelors,Govt,Management,Single,Male,Canada,57,48390
42,PhD,Self-employed,Support,Single,Female,Others,56,63480
25,Masters,Govt,Support,Divorced,Female,USA,58,40520
35,HS-grad,Govt,Management,Divorced,Female,India,45,38430
58,Bachelors,Private,Management,Divorced,Male,Others,29,60850
38,HS-grad,Private,IT,Married,Female,Others,25,36250
32,Masters,Private,Management,Divorced,Male,Others,48,52320
41,PhD,Govt,Management,Single,Female,Canada,53,71270
23,HS-grad,Private,Sales,Divorced,Male,Canada,55,26950
20,Masters,Private,Support,Married,Female,USA,21,35370
64,Bachelors,Govt,Management,Divorced,Female,India,41,65410
41,Masters,Govt,Sales,Married,Female,Others,40,51640
22,PhD,Self-employed,IT,Married,Male,Canada,44,50800
18,PhD,Govt,Sales,Married,Male,Others,27,43350
22,Masters,Private,IT,Married,Male,Others,27,41310
23,PhD,Private,Sales,Divorced,Male,USA,41,48250
50,HS-grad,Self-employed,IT,Married,Male,USA,25,42250
32,HS-grad,Private,Support,Single,Female,Others,32,28480
24,Bachelors,Govt,IT,Single,Male,USA,33,36370
37,HS-grad,Self-employed,Support,Divorced,Male,India,51,31529
28,Bachelors,Govt,IT,Married,Female,Others,53,39850
18,HS-grad,Private,IT,Divorced,Male,Others,21,26050
41,HS-grad,Govt,Support,Divorced,Male,Others,51,33210
57,PhD,Govt,Sales,Divorced,Female,Others,37,76610
29,PhD,Private,Sales,Single,Female,USA,54,53940
46,Bachelors,Govt,Management,Divorced,Female,India,52,54080
46,Bachelors,Govt,Support,Single,Male,USA,59,45070
56,Masters,Govt,Management,Married,Female,Others,28,70040
48,Bachelors,Govt,Support,Married,Female,USA,53,45850
47,Masters,Govt,IT,Married,Female,Canada,32,60060
59,PhD,Self-employed,IT,Single,Male,Others,30,83400
62,Masters,Govt,IT,Divorced,Male,Others,33,71210
36,HS-grad,Govt,IT,Married,Male,Others,38,35900
20,HS-grad,Private,IT,Married,Female,India,40,28000
37,Bachelors,Self-employed,Sales,Single,Female,Canada,44,40840
25,PhD,Govt,Sales,Single,Female,India,23,49030
38,Masters,Private,Management,Single,Male,India,21,55650
21,HS-grad,Private,Support,Married,Male,India,47,24610
36,Masters,Govt,Management,Divorced,Male,Canada,52,55639
57,PhD,Govt,Sales,Married,Male,Canada,44,76960
26,PhD,Govt,Support,Divorced,Male,India,59,50510
29,Masters,Self-employed,IT,Married,Female,USA,33,46790
28,Bachelors,Self-employed,Support,Divorced,Male,Others,34,34100
55,PhD,Private,Management,Married,Male,India,58,84680
35,HS-grad,Private,Sales,Married,Male,USA,47,31830
44,Bachelors,Private,Sales,Divorced,Male,Others,45,44810
44,Bachelors,Govt,Management,Single,Female,India,33,51810
35,Masters,Govt,Support,Divorced,Female,Canada,36,46020
51,HS-grad,Self-employed,IT,Divorced,Male,Others,49,43950
28,HS-grad,Self-employed,Sales,Divorced,Male,Others,28,27800
26,Bachelors,Private,Sales,Married,Male,Others,54,35180
56,PhD,Private,Management,Divorced,Female,USA,38,84620
62,HS-grad,Self-employed,Management,Married,Male,Others,25,52010
62,HS-grad,Govt,Management,Divorced,Male,Canada,44,52960
54,PhD,Govt,Support,Single,Male,Canada,51,73070
55,PhD,Private,IT,Single,Male,India,40,80300
30,Masters,Self-employed,IT,Married,Male,India,36,47680
36,HS-grad,Govt,Support,Divorced,Male,Others,41,30609
64,HS-grad,Private,Support,Married,Male,USA,53,42970
50,PhD,Govt,Management,Married,Male,Others,28,78480
61,PhD,Govt,Support,Married,Female,India,46,78560
39,Bachelors,Govt,Management,Divorced,Female,India,51,49410
42,PhD,Govt,Sales,Single,Male,India,22,63260
48,HS-grad,Govt,Sales,Divorced,Female,India,44,37400
24,HS-grad,Self-employed,Sales,Single,Male,India,57,27490
37,Bachelors,Self-employed,Sales,Married,Male,USA,39,40590
55,PhD,Govt,Management,Single,Male,Others,32,83380
51,Bachelors,Govt,Management,Single,Male,Others,50,57280
57,HS-grad,Govt,Support,Single,Female,Others,53,40030
38,Bachelors,Self-employed,Sales,Married,Female,India,54,41900
30,Bachelors,Private,Support,Married,Female,Canada,55,36230
46,Masters,Private,IT,Married,Male,Others,24,58920
63,PhD,Private,IT,Single,Male,USA,41,87550
58,Bachelors,Private,Support,Married,Female,Others,45,50850
51,Bachelors,Govt,Support,Single,Female,USA,42,46920
58,Bachelors,Self-employed,Support,Married,Male,Others,23,49750
65,Masters,Self-employed,IT,Married,Male,USA,27,73130
32,HS-grad,Govt,Management,Divorced,Female,Others,41,36610
63,Masters,Private,Sales,Divorced,Female,Canada,26,65900
53,Bachelors,Private,Management,Divorced,Female,India,27,57450
46,HS-grad,Govt,Management,Married,Female,Canada,26,43420
27,HS-grad,Private,Support,Divorced,Male,Canada,45,27030
28,PhD,Private,Sales,Single,Male,Canada,37,52250
55,Masters,Govt,Support,Married,Female,India,23,58570
52,Masters,Private,IT,Divorced,Male,Others,57,65010
22,Masters,Self-employed,Management,Single,Male,India,21,43170
59,Bachelors,Self-employed,Sales,Married,Female,India,26,52260
45,Bachelors,Private,Management,Married,Female,Others,37,52670
49,Masters,Govt,Sales,Divorced,Male,Canada,30,56580
24,HS-grad,Govt,Support,Married,Female,Canada,39,25470
51,Masters,Private,IT,Divorced,Male,Others,31,62970
38,Bachelors,Private,IT,Married,Male,USA,28,44800
52,HS-grad,Self-employed,Sales,Married,Male,USA,23,38110
65,HS-grad,Self-employed,Management,Divorced,Female,Canada,23,53530
49,PhD,Private,Support,Divorced,Female,Canada,55,69170
32,HS-grad,Govt,Support,Divorced,Male,India,37,28730
29,PhD,Self-employed,IT,Divorced,Male,India,47,57250
58,PhD,Govt,IT,Divorced,Female,USA,20,82000
34,Masters,Self-employed,Management,Single,Female,Others,45,53730
44,PhD,Govt,IT,Divorced,Male,Canada,50,70900
34,HS-grad,Private,Support,Single,Male,USA,55,30470
24,HS-grad,Private,IT,Divorced,Male,Canada,22,29100
42,HS-grad,Self-employed,Support,Married,Male,Canada,48,33480
62,Bachelors,Private,Management,Single,Male,Canada,55,64790
52,PhD,Self-employed,IT,Single,Female,USA,31,77150
37,Masters,Govt,Support,Single,Male,India,58,48440
23,HS-grad,Govt,Management,Divorced,Female,Canada,57,32550
57,Bachelors,Self-employed,Sales,Single,Female,Canada,55,52590
37,Bachelors,Self-employed,IT,Married,Male,Canada,55,45530
60,HS-grad,Private,Management,Single,Male,India,47,52029
39,Masters,Private,Support,Divorced,Female,Others,37,48710
47,Masters,Self-employed,IT,Divorced,Male,India,50,60960
23,Masters,Self-employed,IT,Divorced,Male,Canada,39,42650
48,PhD,Govt,Management,Single,Female,Canada,37,77050
32,PhD,Govt,Management,Married,Male,Others,44,62360
52,Masters,Govt,Support,Single,Female,USA,37,57290
62,Masters,Self-employed,IT,Divorced,Male,USA,26,70860
40,PhD,Private,Support,Single,Male,Others,26,60340
44,Bachelors,Self-employed,Support,Divorced,Female,Others,46,43340
31,HS-grad,Self-employed,IT,Single,Female,India,58,34400
65,HS-grad,Self-employed,Support,Married,Male,India,60,43740
31,Masters,Self-employed,Management,Single,Female,India,47,51490
30,Bachelors,Private,Sales,Single,Male,USA,28,36120
47,Bachelors,Private,Management,Single,Male,India,26,53440
59,HS-grad,Govt,Management,Married,Female,Others,25,50390
47,HS-grad,Govt,IT,Divorced,Male,India,59,42450
36,PhD,Govt,IT,Single,Female,Canada,39,63149
33,PhD,Govt,Sales,Married,Male,India,28,56000
61,Bachelors,Self-employed,Support,Married,Female,Canada,33,51870
55,Bachelors,Private,Management,Single,Female,USA,45,59670
35,Bachelors,Private,Management,Single,Male,Others,27,45570
60,HS-grad,Govt,Sales,Single,Female,Others,46,42780
62,Masters,Private,Management,Married,Male,Others,40,75320
31,PhD,Private,Management,Married,Male,Others,59,62170
65,Masters,Self-employed,Support,Married,Female,Others,45,66270
37,HS-grad,Self-employed,Sales,Divorced,Female,India,57,33210
24,Bachelors,Self-employed,Management,Divorced,Female,India,28,38360
61,PhD,Private,IT,Single,Female,India,25,84950
44,Bachelors,Govt,Support,Married,Female,Canada,42,43140
25,HS-grad,Self-employed,Management,Married,Female,Others,60,33780
35,HS-grad,Govt,Support,Single,Female,USA,59,31090
49,Bachelors,Govt,IT,Married,Male,Canada,21,51270
28,HS-grad,Self-employed,Support,Divorced,Female,Canada,56,28000
51,Masters,Private,IT,Divorced,Female,India,21,62470
20,HS-grad,Self-employed,IT,Divorced,Female,India,56,28800
44,HS-grad,Self-employed,Sales,Married,Male,India,40,35440
39,Masters,Private,Sales,Married,Female,Others,27,49630
58,Masters,Govt,Support,Married,Female,Canada,59,62350
36,Bachelors,Self-employed,Sales,Married,Female,India,23,39230
49,PhD,Private,Support,Divorced,Male,Others,34,68120
54,HS-grad,Govt,Sales,Divorced,Male,USA,43,39990
18,Masters,Govt,IT,Single,Female,India,25,38250
53,Bachelors,Self-employed,Support,Married,Male,USA,36,47700
54,PhD,Govt,IT,Single,Male,India,24,78600
20,HS-grad,Private,Management,Divorced,Male,Others,40,30080
59,PhD,Self-employed,Sales,Married,Female,India,34,78140
25,PhD,Private,Support,Married,Female,Others,46,49040
22,Bachelors,Govt,IT,Divorced,Female,India,56,36280
22,PhD,Self-employed,Management,Married,Female,Others,41,52810
59,Bachelors,Private,Management,Single,Female,USA,55,62810
57,Masters,Govt,Sales,Single,Male,India,57,63370
49,Masters,Private,IT,Divorced,Male,USA,58,62840
63,Masters,Private,Management,Married,Male,Canada,56,76900
63,PhD,Self-employed,Management,Married,Female,Others,35,91050
34,Masters,Self-employed,IT,Single,Male,USA,56,51640
46,HS-grad,Govt,Support,Single,Male,USA,23,33910
38,PhD,Govt,Sales,Single,Male,Others,33,60449
39,PhD,Self-employed,Management,Married,Female,Canada,40,68740
33,PhD,Self-employed,Sales,Single,Male,USA,34,56300
45,Masters,Self-employed,Management,Single,Female,Canada,37,61910
36,Bachelors,Private,Sales,Married,Female,Canada,24,39280
53,PhD,Private,IT,Married,Female,USA,25,77750
63,HS-grad,Private,Sales,Single,Female,Canada,45,44050
55,HS-grad,Private,Management,Married,Male,USA,25,48230
49,Masters,Private,Management,Married,Female,Canada,22,64280
63,Bachelors,Govt,IT,Single,Female,Others,47,61250
63,PhD,Govt,IT,Single,Male,USA,51,88050
33,Masters,Private,Management,Single,Female,India,21,51750
25,Bachelors,Self-employed,IT,Single,Male,USA,38,37240
21,Bachelors,Govt,IT,Divorced,Female,USA,47,35210
32,Bachelors,Govt,IT,Single,Male,Others,35,41430
61,Bachelors,Self-employed,Support,Married,Male,India,31,51770
53,Bachelors,Private,Sales,Divorced,Female,India,31,49150
51,PhD,Self-employed,Sales,Divorced,Male,Canada,29,71170
21,HS-grad,Private,Sales,Divorced,Female,Canada,25,24570
20,PhD,Private,IT,Divorced,Female,Others,22,47900
36,Masters,Private,Support,Divorced,Female,Others,44,47079
29,Masters,Govt,Sales,Divorced,Female,India,55,44230
59,Bachelors,Govt,Management,Single,Female,USA,58,62960
21,Masters,Self-employed,Management,Divorced,Male,India,20,42340
36,HS-grad,Self-employed,Support,Married,Female,India,56,31359
53,HS-grad,Govt,IT,Single,Female,Canada,29,43950
18,Masters,Private,Sales,Married,Female,USA,36,35800
54,HS-grad,Govt,Sales,Married,Male,USA,29,39290
48,PhD,Private,Management,Single,Female,Others,33,76850
64,Masters,Self-employed,Management,Divorced,Female,USA,37,76730
32,Bachelors,Govt,IT,Divorced,Male,USA,36,41480
32,PhD,Private,Management,Divorced,Male,Others,32,61760
56,PhD,Govt,Management,Married,Female,India,35,84470
21,HS-grad,Self-employed,Sales,Single,Female,Canada,51,25870
65,Bachelors,Private,Management,Married,Female,India,48,66420
36,Masters,Private,IT,Divorced,Male,Canada,41,52369
29,Masters,Private,Management,Married,Male,Canada,53,50230
55,PhD,Self-employed,Sales,Married,Male,Others,58,75980
35,Bachelors,Self-employed,Sales,Divorced,Male,Others,47,39870
37,HS-grad,Private,Support,Divorced,Female,India,57,31829
28,Bachelors,Govt,Management,Divorced,Male,Canada,37,41450
34,Bachelors,Private,Management,Married,Male,Canada,22,44660
31,Bachelors,Self-employed,Sales,Married,Male,USA,42,37380
61,Bachelors,Private,Management,Divorced,Male,Canada,42,63479
23,PhD,Govt,IT,Married,Female,Canada,31,51050
24,HS-grad,Private,IT,Divorced,Male,Canada,45,30250
22,HS-grad,Self-employed,Sales,Divorced,Male,India,44,25960
61,PhD,Govt,Sales,Married,Male,USA,20,79120
51,PhD,Private,Support,Single,Male,Canada,46,70360
65,PhD,Private,IT,Married,Female,Others,55,90050
40,PhD,Self-employed,Support,Single,Male,Canada,43,61190
27,HS-grad,Private,Sales,Single,Female,Others,34,27660
53,Masters,Private,Sales,Single,Male,Canada,50,60300
33,Masters,Self-employed,Management,Single,Male,Others,35,52450
40,Masters,Self-employed,Sales,Married,Female,India,45,51210
36,Bachelors,Self-employed,IT,Divorced,Female,Canada,20,43159
35,PhD,Self-employed,IT,Married,Male,USA,24,61500
51,Masters,Govt,Management,Married,Female,Canada,43,66890
60,HS-grad,Govt,Management,Divorced,Male,India,25,50929
18,HS-grad,Govt,Support,Married,Female,India,38,22900
39,Bachelors,Self-employed,Management,Divorced,Female,Canada,42,48960
23,Bachelors,Self-employed,Management,Divorced,Female,Canada,43,38450
27,PhD,Self-employed,Support,Married,Female,USA,51,50930
50,PhD,Private,IT,Single,Male,India,34,75500
64,Masters,Self-employed,Sales,Single,Female,USA,27,66630
41,HS-grad,Private,Sales,Single,Male,Others,42,34220
39,Bachelors,Private,IT,Married,Male,India,53,46670
51,HS-grad,Self-employed,Sales,Married,Female,Others,58,39420
24,Masters,Private,Management,Single,Male,Canada,41,45730
36,HS-grad,Govt,Support,Divorced,Male,Canada,51,31109
51,Bachelors,Self-employed,Support,Single,Female,USA,32,46420
64,Bachelors,Private,IT,Single,Male,India,31,61070
50,PhD,Govt,IT,Single,Male,USA,47,76150
33,HS-grad,Self-employed,Management,Divorced,Female,Canada,48,37500
38,Masters,Private,Management,Divorced,Male,Others,56,57400
49,Bachelors,Self-employed,Sales,Married,Female,USA,22,46460
46,HS-grad,Govt,Support,Married,Male,USA,21,33810
61,PhD,Self-employed,Sales,Divorced,Female,USA,35,79870
28,PhD,Private,Management,Married,Female,USA,54,59100
44,HS-grad,Govt,Support,Divorced,Female,USA,42,34020
44,Bachelors,Govt,Sales,Divorced,Female,India,32,44160
33,PhD,Private,IT,Married,Female,India,23,59650
25,HS-grad,Govt,Management,Divorced,Male,Others,44,32980
53,HS-grad,Self-employed,Support,Single,Male,USA,24,36900
58,HS-grad,Private,IT,Married,Female,India,29,46450
38,PhD,Self-employed,Sales,Married,Male,India,53,61449
42,HS-grad,Self-employed,Management,Married,Male,India,60,42960
45,Masters,Private,Support,Married,Male,India,30,52320
50,Bachelors,Self-employed,Sales,Divorced,Male,USA,34,47620
27,PhD,Self-employed,IT,Divorced,Female,Others,27,54450
55,Bachelors,Private,Management,Divorced,Male,Canada,47,59770
60,PhD,Self-employed,Support,Married,Female,Canada,32,77040
33,Bachelors,Govt,Management,Married,Male,USA,38,44800
40,Masters,Self-employed,Support,Married,Female,Others,21,48570
29,Masters,Private,Support,Divorced,Female,Canada,58,43160
20,Masters,Self-employed,Support,Single,Male,USA,57,37170
52,Bachelors,Self-employed,Sales,Divorced,Male,Others,50,49540
41,HS-grad,Private,IT,Divorced,Female,Canada,36,38300
64,HS-grad,Self-employed,Management,Married,Female,Canada,27,53190
53,Masters,Private,Sales,Married,Female,USA,21,58850
24,HS-grad,Self-employed,Sales,Divorced,Female,India,23,25790
39,PhD,Govt,Sales,Single,Male,Others,35,61390
49,HS-grad,Govt,Sales,Divorced,Female,Canada,24,36840
27,Masters,Private,Support,Divorced,Male,Others,51,41490
27,PhD,Private,IT,Divorced,Male,India,35,54850
41,Bachelors,Govt,IT,Married,Female,Others,44,47460
50,HS-grad,Govt,Management,Married,Male,Others,48,46680
19,PhD,Private,Sales,Divorced,Male,India,28,44240
37,PhD,Private,Management,Single,Male,USA,50,67360
51,Masters,Private,Sales,Single,Female,Others,57,59290
21,HS-grad,Self-employed,IT,Single,Female,India,39,28450
22,Masters,Private,Support,Divorced,Female,Others,45,37890
32,HS-grad,Govt,Management,Divorced,Male,Others,49,37010
24,Bachelors,Private,IT,Married,Male,Canada,58,37620
27,HS-grad,Self-employed,Sales,Single,Male,Others,31,27510
39,PhD,Private,Sales,Divorced,Female,India,60,62640
62,HS-grad,Self-employed,IT,Divorced,Male,India,58,49900
27,HS-grad,Self-employed,Sales,Divorced,Female,USA,58,28860
22,Masters,Govt,Support,Divorced,Female,Others,27,36990
61,Masters,Private,IT,Married,Male,India,29,70270
58,Bachelors,Govt,Support,Married,Male,USA,57,51450
26,Bachelors,Private,IT,Married,Female,Canada,53,38610
33,Bachelors,Private,Sales,Single,Female,USA,34,38100
35,Bachelors,Govt,Support,Divorced,Male,Canada,24,37380
61,PhD,Self-employed,Sales,Single,Male,Others,48,80520
53,Bachelors,Self-employed,Sales,Single,Female,Others,58,50500
22,Masters,Private,Sales,Married,Female,India,57,39570
48,Bachelors,Govt,IT,Single,Male,India,29,51050
21,HS-grad,Self-employed,Support,Married,Male,Others,37,24110
28,Bachelors,Private,Sales,Married,Male,India,31,35150
18,Bachelors,Self-employed,IT,Single,Male,Others,52,33600
62,PhD,Govt,Sales,Married,Male,USA,27,80310
59,PhD,Private,Management,Divorced,Female,Others,40,87540
64,HS-grad,Govt,Management,Divorced,Male,Others,56,54640
19,HS-grad,Govt,Support,Married,Female,Others,28,22820
53,PhD,Self-employed,Support,Married,Male,USA,46,72000
42,HS-grad,Self-employed,Support,Married,Male,USA,60,34080
53,HS-grad,Govt,Support,Married,Female,USA,33,37350
56,Masters,Govt,IT,Divorced,Female,USA,39,67070
45,HS-grad,Self-employed,IT,Married,Male,Canada,27,39850
62,HS-grad,Self-employed,Sales,Married,Female,Others,28,42760
25,Bachelors,Private,IT,Divorced,Male,India,50,37840
38,Bachelors,Self-employed,Sales,Single,Male,USA,41,41250
62,PhD,Govt,Support,Single,Male,India,55,79830
43,HS-grad,Self-employed,Support,Divorced,Female,Others,47,33850
45,Masters,Self-employed,Support,Divorced,Male,Canada,46,53120
45,PhD,Private,Management,Single,Female,Canada,53,75030
32,Bachelors,Private,Sales,Divorced,Female,USA,33,37490
45,Bachelors,Private,Management,Married,Female,USA,24,52020
64,PhD,Private,Management,Married,Female,India,41,92290
53,Bachelors,Self-employed,IT,Single,Female,Canada,32,54300
30,Bachelors,Self-employed,Support,Married,Female,India,39,35430
24,PhD,Self-employed,Support,Divorced,Male,Canada,48,48320
30,HS-grad,Private,Management,Divorced,Male,USA,31,35030
25,HS-grad,Self-employed,IT,Married,Female,Others,60,31500
55,HS-grad,Self-employed,IT,Married,Male,Canada,42,45600
19,Bachelors,Self-employed,Support,Divorced,Female,India,26,28840
47,Masters,Private,Sales,Married,Male,USA,37,55570
49,HS-grad,Self-employed,IT,Single,Male,Others,58,43400
38,Bachelors,Private,Management,Single,Male,Others,36,48000
58,Bachelors,Govt,Sales,Divorced,Male,USA,27,51750
35,HS-grad,Private,Support,Married,Female,India,45,30390
48,Bachelors,Self-employed,Support,Married,Female,Others,32,44800
65,HS-grad,Self-employed,Support,Married,Female,India,60,43740
21,HS-grad,Self-employed,IT,Divorced,Male,USA,26,27800
50,Bachelors,Self-employed,IT,Divorced,Female,Canada,31,52390
47,HS-grad,Private,Management,Divorced,Female,USA,23,43810
54,Bachelors,Govt,IT,Single,Male,Others,47,55670
42,HS-grad,Private,Management,Married,Female,Others,55,42710
49,HS-grad,Private,Sales,Single,Male,Canada,29,37090
35,Bachelors,Private,Sales,Divorced,Male,India,29,38970
42,Bachelors,Self-employed,Sales,Married,Male,USA,43,43590
54,Bachelors,Govt,Management,Single,Male,India,41,58810
30,PhD,Private,Support,Single,Female,Canada,53,53490
26,PhD,Private,Management,Single,Male,Others,60,57519
30,HS-grad,Private,Support,Single,Male,Canada,54,28740
61,Bachelors,Private,Sales,Married,Female,USA,52,54680
30,PhD,Govt,Management,Divorced,Male,Others,50,60780
42,PhD,Self-employed,Support,Divorced,Male,Others,53,63330
37,HS-grad,Self-employed,Management,Single,Female,India,45,39510
50,PhD,Govt,Support,Single,Male,USA,35,68990
22,HS-grad,Self-employed,IT,Married,Male,Others,56,29800
50,PhD,Self-employed,Support,Married,Female,Others,57,70090
61,Masters,Self-employed,Management,Divorced,Female,Canada,28,73940
21,HS-grad,Self-employed,IT,Divorced,Female,USA,33,28150
54,Bachelors,Private,IT,Single,Male,Others,29,54770
41,PhD,Self-employed,Sales,Married,Female,Others,50,63820
59,Bachelors,Self-employed,IT,Married,Male,India,59,59370
32,Masters,Govt,Support,Married,Male,USA,36,44040
43,Masters,Self-employed,Sales,Divorced,Male,Others,47,53350
40,Masters,Self-employed,Sales,Married,Male,Others,59,51910
28,PhD,Govt,Management,Single,Male,Canada,28,57800
40,HS-grad,Govt,IT,Married,Male,USA,27,37350
19,Masters,Govt,Management,Single,Male,USA,41,41830
39,Bachelors,Private,Support,Single,Male,Others,20,39340
39,HS-grad,Private,IT,Divorced,Male,India,58,38400
32,Bachelors,Govt,IT,Married,Female,Canada,23,40830
49,HS-grad,Govt,Management,Married,Male,Canada,27,45090
38,Bachelors,Govt,Management,Married,Female,Canada,55,48950
23,PhD,Self-employed,IT,Married,Female,India,48,51900
21,HS-grad,Self-employed,Support,Married,Female,India,60,25260
57,Bachelors,Self-employed,IT,Married,Male,USA,22,56280
34,Bachelors,Private,IT,Single,Female,India,42,43020
30,HS-grad,Self-employed,IT,Divorced,Male,Canada,57,33850
43,Masters,Private,Sales,Married,Female,Canada,51,53550
45,Bachelors,Self-employed,Support,Divorced,Male,Canada,34,43280
20,Bachelors,Self-employed,Management,Married,Female,Canada,38,36220
52,PhD,Self-employed,Sales,Divorced,Male,Canada,50,73060
36,Bachelors,Private,IT,Married,Female,USA,30,43659
20,HS-grad,Self-employed,Support,Single,Female,India,39,23790
46,PhD,Govt,Support,Married,Female,Canada,31,65510
36,PhD,Self-employed,Management,Single,Female,Canada,21,64969
36,Bachelors,Govt,Support,Divorced,Female,Canada,28,38120
35,Masters,Govt,IT,Married,Male,India,35,51330
35,HS-grad,Private,IT,Single,Male,USA,55,36250
57,Bachelors,Govt,IT,Married,Female,USA,32,56780
65,Masters,Self-employed,Sales,Married,Female,India,28,67360
25,PhD,Govt,Management,Married,Male,Canada,46,55880
46,Masters,Govt,Sales,Married,Male,Canada,48,55440
34,Masters,Private,Management,Single,Male,USA,43,53630
49,Masters,Self-employed,Support,Single,Female,Others,32,55060
47,PhD,Self-employed,Sales,Divorced,Male,Others,46,68660
22,PhD,Self-employed,Management,Divorced,Female,Others,34,52460
49,Masters,Govt,Management,Single,Female,USA,55,65930
62,Masters,Self-employed,Sales,Single,Female,Canada,57,66770
48,HS-grad,Self-employed,Sales,Divorced,Female,USA,25,36450
28,HS-grad,Private,IT,Married,Female,Others,22,31100
30,Masters,Govt,Sales,Single,Male,India,29,43610
65,Masters,Govt,IT,Divorced,Male,India,54,74480
31,PhD,Self-employed,IT,Divorced,Male,Canada,58,59600
28,HS-grad,Private,Sales,Married,Male,Canada,47,28750
60,HS-grad,Govt,Sales,Divorced,Male,India,38,42380
27,Bachelors,Private,IT,Single,Male,USA,54,39280
55,HS-grad,Private,IT,Divorced,Male,Others,38,45400
64,PhD,Self-employed,Support,Married,Female,Others,27,80070
31,Masters,Self-employed,IT,Married,Male,Others,43,48770
39,Bachelors,Self-employed,Support,Divorced,Male,Canada,24,39540
61,HS-grad,Private,IT,Single,Female,India,34,48200
27,Bachelors,Self-employed,IT,Married,Male,Canada,33,38230
39,Bachelors,Self-employed,Support,Married,Female,Others,31,39890
20,PhD,Private,IT,Single,Female,USA,41,48850
65,Masters,Private,Management,Single,Female,USA,25,76910
58,PhD,Govt,IT,Single,Male,India,47,83350
37,PhD,Private,Management,Married,Female,USA,60,67860
26,Bachelors,Govt,IT,Single,Male,Others,26,37260
28,Masters,Govt,Sales,Divorced,Male,India,47,43150
46,Bachelors,Govt,Support,Divorced,Female,Canada,41,44170
60,HS-grad,Self-employed,Sales,Divorced,Male,Canada,48,42880
42,PhD,Self-employed,Management,Single,Male,Others,43,71710
52,Bachelors,Govt,IT,Divorced,Female,USA,44,54280
64,Masters,Govt,Sales,Divorced,Male,India,33,66930
23,Bachelors,Private,Management,Single,Male,India,39,38250
28,Bachelors,Self-employed,Support,Single,Male,Canada,49,34850
47,Bachelors,Self-employed,Sales,Single,Male,India,56,47040
46,HS-grad,Govt,Sales,Married,Male,Others,32,35920
39,PhD,Govt,Sales,Single,Male,Others,51,62190
24,Masters,Self-employed,Sales,Divorced,Male,India,31,39630
25,HS-grad,Govt,Support,Divorced,Female,Others,44,26140
51,Bachelors,Self-employed,Support,Single,Female,Others,46,47120
50,Bachelors,Govt,Support,Divorced,Female,India,21,45330
25,PhD,Private,Management,Divorced,Male,India,55,56330
52,PhD,Private,Sales,Married,Male,Canada,46,72860
29,Masters,Private,Sales,Divorced,Male,USA,54,44180
41,Bachelors,Private,Support,Divorced,Female,Canada,43,41570
23,Bachelors,Self-employed,IT,Divorced,Female,USA,32,35700
51,HS-grad,Private,Management,Married,Male,Others,33,46470
34,Masters,Private,Support,Single,Female,Others,43,45710
19,Bachelors,Govt,Support,Divorced,Female,India,37,29390
59,Bachelors,Private,IT,Married,Female,Canada,51,58970
43,HS-grad,Private,Management,Married,Male,Others,24,41700
64,HS-grad,Private,Support,Married,Male,India,26,41620
51,Bachelors,Private,Support,Single,Female,USA,35,46570
35,PhD,Private,Support,Married,Male,Canada,47,57290
41,Masters,Private,IT,Divorced,Male,India,58,56920
45,Masters,Govt,Sales,Married,Male,Canada,34,54060
63,PhD,Self-employed,Sales,Single,Male,Canada,21,80850
58,Bachelors,Self-employed,Support,Married,Female,Canada,51,51150
41,PhD,Private,Management,Married,Female,Others,46,70920
60,Bachelors,Private,Sales,Married,Female,Canada,51,54069
43,HS-grad,Govt,Sales,Divorced,Female,India,28,34400
54,HS-grad,Private,Management,Single,Male,USA,49,48890
45,PhD,Govt,IT,Single,Female,Canada,51,71850
50,Bachelors,Govt,Management,Single,Male,USA,55,56870
52,Bachelors,Self-employed,Sales,Divorced,Male,India,22,48140
51,Masters,Self-employed,Sales,Single,Male,USA,47,58790
34,Bachelors,Private,Management,Married,Female,Others,29,45010
46,Masters,Self-employed,Management,Single,Female,Others,23,61990
61,Masters,Private,Management,Single,Female,Canada,55,75290
29,Masters,Govt,IT,Divorced,Female,Canada,37,46990
41,Masters,Private,Management,Divorced,Female,India,41,58990
58,HS-grad,Private,Sales,Married,Male,Canada,39,41550
24,Masters,Private,Management,Divorced,Female,Canada,53,46330
52,Bachelors,Self-employed,Management,Single,Female,Canada,27,56790
58,HS-grad,Private,IT,Married,Female,USA,49,47450
51,HS-grad,Self-employed,Support,Single,Male,USA,21,35910
36,Masters,Govt,Management,Divorced,Male,USA,32,54639
60,HS-grad,Govt,Sales,Single,Female,India,20,41480
65,PhD,Govt,Support,Single,Female,Canada,29,80990
33,Bachelors,Self-employed,Sales,Single,Male,Canada,38,38300
41,HS-grad,Self-employed,Management,Married,Female,Others,60,42420
19,Masters,Private,Management,Divorced,Male,India,55,42530
65,Masters,Private,Management,Single,Male,India,27,77010
41,Bachelors,Self-employed,Support,Single,Male,India,59,42370
33,Bachelors,Private,Support,Married,Male,Others,28,36500
22,Masters,Private,Support,Divorced,Female,India,39,37590
46,PhD,Govt,Sales,Divorced,Female,Canada,54,68220
27,HS-grad,Private,IT,Divorced,Female,India,33,31150
55,PhD,Self-employed,Sales,Divorced,Male,India,46,75380
37,HS-grad,Self-employed,IT,Married,Female,Canada,50,37000
30,Masters,Private,Support,Single,Female,Others,58,43820
36,PhD,Self-employed,IT,Divorced,Male,USA,50,63699
60,Bachelors,Private,Support,Divorced,Female,USA,27,51029
62,PhD,Govt,IT,Single,Male,Canada,49,87050
33,PhD,Private,Management,Single,Male,Others,37,62950
42,Masters,Private,Support,Divorced,Female,USA,42,50940
22,Bachelors,Self-employed,IT,Divorced,Male,USA,41,35530
22,HS-grad,Private,Support,Single,Male,India,20,23680
51,Masters,Private,IT,Single,Female,Canada,50,63920
41,PhD,Self-employed,Management,Married,Male,Others,43,70770
47,HS-grad,Self-employed,Sales,Married,Male,Canada,57,37610
37,Masters,Self-employed,Management,Married,Male,Others,56,56619
46,Bachelors,Private,IT,Divorced,Female,USA,54,51060
46,Bachelors,Private,Support,Single,Female,Others,21,43170
38,PhD,Govt,IT,Married,Male,India,42,65099
62,Masters,Private,Management,Single,Female,USA,24,74520
27,Masters,Govt,Support,Single,Male,Others,31,40490
46,HS-grad,Govt,Management,Married,Male,Others,31,43670
65,Masters,Govt,Sales,Divorced,Male,Canada,49,68410
34,Masters,Self-employed,Management,Married,Male,Canada,54,54180
31,Masters,Private,Support,Married,Male,Canada,27,42930
63,Masters,Govt,Management,Married,Female,USA,30,75600
59,Bachelors,Private,IT,Single,Male,Others,51,58970
31,PhD,Private,Management,Single,Male,Others,42,61320
25,PhD,Self-employed,Sales,Married,Female,USA,50,50380
22,PhD,Self-employed,Support,Divorced,Male,India,40,46280
33,Bachelors,Self-employed,Support,Single,Female,Others,47,37450
22,PhD,Govt,IT,Divorced,Female,India,26,49900
18,PhD,Private,Management,Married,Female,USA,21,48050
50,Bachelors,Private,Management,Divorced,Male,Others,34,55820
27,Masters,Govt,Management,Married,Male,India,24,47220
26,Masters,Self-employed,Sales,Married,Female,Others,23,40590
58,Masters,Govt,Management,Single,Male,Canada,41,72250
42,Masters,Govt,Support,Married,Male,USA,38,50740
21,PhD,Private,Sales,Married,Male,USA,41,46570
31,HS-grad,Govt,IT,Married,Female,Others,36,33300
50,Bachelors,Private,IT,Divorced,Female,USA,60,53840
32,Bachelors,Private,Sales,Married,Male,USA,20,36840
52,Bachelors,Self-employed,Sales,Married,Male,India,37,48890
50,PhD,Govt,Management,Single,Female,USA,20,78080
34,Masters,Private,Management,Divorced,Male,India,24,52680
42,PhD,Govt,Support,Married,Male,USA,36,62480
52,Bachelors,Self-employed,Sales,Married,Female,USA,20,48040
63,PhD,Self-employed,Support,Married,Female,India,41,79950
60,HS-grad,Govt,IT,Married,Male,Others,20,47000
55,PhD,Self-employed,Sales,Married,Female,Others,37,74930
32,PhD,Govt,Support,Divorced,Male,India,42,54580
22,PhD,Private,Support,Married,Female,Canada,60,47280
43,Bachelors,Self-employed,Sales,Married,Male,Others,46,44300
41,Masters,Private,Support,Divorced,Female,USA,58,51080
52,PhD,Private,Support,Married,Male,USA,39,70830
